Model,Validation Accuracy,Validation Precision,Validation Recall,Validation F1 Score,Test Accuracy,Test Precision,Test Recall,Test F1 Score
Random Forest,0.8362235067437379,0.8363366662151388,0.8362235067437379,0.8347016982382506,0.8392282958199357,0.8391963671251997,0.8392282958199357,0.838228938950259
XGBoost,0.817276814386641,0.8170166880695036,0.817276814386641,0.8158240825993429,0.8163987138263665,0.8160987427062022,0.8163987138263665,0.8154300278719786
LightGBM,0.8211303789338471,0.820246601435407,0.8211303789338471,0.8199354964519397,0.8263665594855305,0.8259081467383563,0.8263665594855305,0.825258130822682
GBM,0.7581888246628131,0.7587512675583739,0.7581888246628131,0.7533978617009643,0.7559485530546624,0.7557700363711367,0.7559485530546624,0.75207470825691
SVM,0.6332691072575466,0.6091413673103947,0.6332691072575466,0.6033988972761986,0.6347266881028939,0.6054469816673013,0.6347266881028939,0.6041548137739063
ANN,0.6724470134874759,0.6739185713540439,0.6724470134874759,0.6584552235819984,0.672347266881029,0.6738686281648194,0.672347266881029,0.6589856618437131
CNN,0.9922928810119628,0.993164588925668,0.9922928709055876,0.9922619818431724,0.9932475686073304,0.9939074632847672,0.9932475884244372,0.993228009003176
CNN,0.9990366101264954,0.9990543399884156,0.9990366088631984,0.9990364952390043,0.9987138509750366,0.9987335774611095,0.9987138263665595,0.9987137030562928
